-- MySQL dump 10.13  Distrib 8.0.12, for Win64 (x86_64)
--
-- Host: 192.168.108.129    Database: animalkindom
-- ------------------------------------------------------
-- Server version	8.0.12

/*!40101 SET @OLD_CHARACTER_SET_CLIENT=@@CHARACTER_SET_CLIENT */;
/*!40101 SET @OLD_CHARACTER_SET_RESULTS=@@CHARACTER_SET_RESULTS */;
/*!40101 SET @OLD_COLLATION_CONNECTION=@@COLLATION_CONNECTION */;
 SET NAMES utf8 ;
/*!40103 SET @OLD_TIME_ZONE=@@TIME_ZONE */;
/*!40103 SET TIME_ZONE='+00:00' */;
/*!40014 SET @OLD_UNIQUE_CHECKS=@@UNIQUE_CHECKS, UNIQUE_CHECKS=0 */;
/*!40014 SET @OLD_FOREIGN_KEY_CHECKS=@@FOREIGN_KEY_CHECKS, FOREIGN_KEY_CHECKS=0 */;
/*!40101 SET @OLD_SQL_MODE=@@SQL_MODE, SQL_MODE='NO_AUTO_VALUE_ON_ZERO' */;
/*!40111 SET @OLD_SQL_NOTES=@@SQL_NOTES, SQL_NOTES=0 */;

--
-- Table structure for table `animal`
--

DROP TABLE IF EXISTS `animal`;
/*!40101 SET @saved_cs_client     = @@character_set_client */;
 SET character_set_client = utf8mb4 ;
CREATE TABLE `animal` (
  `id` int(11) NOT NULL AUTO_INCREMENT,
  `name` varchar(20) DEFAULT NULL,
  `health` int(11) DEFAULT NULL,
  `baseHealth` int(11) DEFAULT NULL,
  `satiety` int(11) DEFAULT NULL,
  `baseSatiety` int(11) DEFAULT NULL,
  `vigour` int(11) DEFAULT NULL,
  `strength` int(11) DEFAULT NULL,
  `intelligence` int(11) DEFAULT NULL,
  `agile` int(11) DEFAULT NULL,
  `speed` int(11) DEFAULT NULL,
  `accountId` int(11) DEFAULT NULL,
  `typeId` int(11) DEFAULT NULL,
  `growLevel` int(11) DEFAULT NULL,
  `maxGrowLevel` int(11) DEFAULT NULL,
  `sleepTime` bigint(13) DEFAULT NULL,
  `exploreTime` bigint(13) DEFAULT NULL,
  `landDiscovered` varbinary(1000) DEFAULT NULL,
  `currentLand` int(11) DEFAULT NULL,
  `moveTime` bigint(13) DEFAULT NULL,
  PRIMARY KEY (`id`)
) ENGINE=InnoDB AUTO_INCREMENT=3 DEFAULT CHARSET=utf8;
/*!40101 SET character_set_client = @saved_cs_client */;

--
-- Dumping data for table `animal`
--

LOCK TABLES `animal` WRITE;
/*!40000 ALTER TABLE `animal` DISABLE KEYS */;
INSERT INTO `animal` VALUES (1,'tiger',500,500,150,250,100,100,50,80,70,1,2,1,40,NULL,NULL,_binary '\Áh\Ë\0\0@\0\0\0\0\0\0\0\0\0\0\0\0\0\0\0\0\0\0\0\0\0\0\0\0\0\0\0\0\0\0\0\0\0\0\0\0\0\0\0\0\0\0\0\0\0',5,1542095634785),(2,'tiger',500,500,250,250,100,100,50,80,70,12,2,1,40,NULL,NULL,_binary '\'\0\0\0\0\0\0\0\0\0\0\0\0\0\0\0\0\0\0\0\0\0\0\0\0\0\0\0\0\0\0\0\0\0\0\0\0\0\0\0\0\0\0\0\0\0\0\0\0\0\0\0\0\0\0\0\0\0\0\0\0\0\0\0\0\0\0\0\0\0\0\0\0\0\0\0\0\0\0\0\0\0\0\0\0\0\0\0\0\0\0\0\0\0\0\0\0\0\0\0\0\0\0\0\0\0\0\0\0\0\0\0\0\0\0\0\0\0\0\0\0\0\0\0\0\0\0\0\0\0\0\0\0\0\0\0\0\0\0\0\0\0\0\0\0\0\0\0\0\0\0\0\0\0\0\0\0\0\0\0\0\0\0\0\0\0\0\0\0\0\0\0\0\0\0\0\0\0\0\0\0\0\0\0\0\0\0\0\0\0\0\0\0\0\0\0\0\0\0\0\0\0\0\0\0\0\0\0\0\0\0\0\0\0\0\0\0\0\0\0\0\0\0\0\0\0\0\0\0\0\0\0\0\0\0\0\0\0\0\0\0\0\0\0\0\0\0\0\0\0\0\0\0\0\0\0\0\0\0\0\0\0\0\0\0\0\0\0\0\0\0\0\0\0\0\0\0\0\0\0\0\0\0\0\0\0\0\0\0\0\0\0\0\0\0\0\0\0\0\0\0\0\0\0\0\0\0\0\0\0\0\0\0\0\0\0\0\0\0\0\0\0\0\0\0\0\0\0\0\0\0\0\0\0\0\0\0\0\0\0\0\0\0\0\0\0\0\0\0\0\0\0\0\0\0\0\0\0\0\0\0\0\0\0\0\0\0\0\0\0\0\0\0\0\0\0\0\0\0\0\0\0\0\0\0\0\0\0\0\0\0\0\0\0\0\0\0\0\0\0\0\0\0\0\0\0\0\0\0\0\0\0\0\0\0\0\0\0\0\0\0\0\0\0\0\0\0\0\0\0\0\0\0\0\0\0\0\0\0\0\0\0\0\0\0\0\0\0\0\0\0\0\0\0\0\0\0\0\0\0\0\0\0\0\0\0\0\0\0\0\0\0\0\0\0\0\0\0\0\0\0\0\0\0\0\0\0\0\0\0\0\0\0\0\0\0\0\0\0\0\0',0,NULL);
/*!40000 ALTER TABLE `animal` ENABLE KEYS */;
UNLOCK TABLES;

--
-- Table structure for table `animal_data`
--

DROP TABLE IF EXISTS `animal_data`;
/*!40101 SET @saved_cs_client     = @@character_set_client */;
 SET character_set_client = utf8mb4 ;
CREATE TABLE `animal_data` (
  `id` int(11) NOT NULL AUTO_INCREMENT,
  `name` varchar(45) DEFAULT NULL,
  `baseHealth` int(11) DEFAULT NULL,
  `baseSatiety` int(11) DEFAULT NULL,
  `baseStrength` int(11) DEFAULT NULL,
  `baseIntelligence` int(11) DEFAULT NULL,
  `baseAgile` int(11) DEFAULT NULL,
  `baseSpeed` int(11) DEFAULT NULL,
  `maxGrowLevel` int(11) DEFAULT NULL,
  PRIMARY KEY (`id`)
) ENGINE=InnoDB AUTO_INCREMENT=3 DEFAULT CHARSET=utf8;
/*!40101 SET character_set_client = @saved_cs_client */;

--
-- Dumping data for table `animal_data`
--

LOCK TABLES `animal_data` WRITE;
/*!40000 ALTER TABLE `animal_data` DISABLE KEYS */;
INSERT INTO `animal_data` VALUES (1,'lion',450,220,80,50,60,50,30),(2,'tiger',500,250,100,50,80,70,40);
/*!40000 ALTER TABLE `animal_data` ENABLE KEYS */;
UNLOCK TABLES;

--
-- Table structure for table `bag_item`
--

DROP TABLE IF EXISTS `bag_item`;
/*!40101 SET @saved_cs_client     = @@character_set_client */;
 SET character_set_client = utf8mb4 ;
CREATE TABLE `bag_item` (
  `id` int(11) NOT NULL AUTO_INCREMENT,
  `name` varchar(45) DEFAULT NULL,
  `satietyAdd` int(11) DEFAULT NULL,
  `vigourAdd` int(11) DEFAULT NULL,
  `weight` int(11) DEFAULT NULL,
  `animalId` int(11) DEFAULT NULL,
  PRIMARY KEY (`id`)
) ENGINE=InnoDB AUTO_INCREMENT=19 DEFAULT CHARSET=utf8;
/*!40101 SET character_set_client = @saved_cs_client */;

--
-- Dumping data for table `bag_item`
--

LOCK TABLES `bag_item` WRITE;
/*!40000 ALTER TABLE `bag_item` DISABLE KEYS */;
INSERT INTO `bag_item` VALUES (1,'banana',2,1,3,1),(2,'watermelon',3,1,5,1),(3,'corn',2,2,3,1),(4,'pinecone',1,0,1,1),(5,'banana',2,1,3,1),(8,'banana',2,1,3,1),(9,'tomato',2,1,2,2),(10,'watermelon',3,1,5,2),(11,'watermelon',3,1,5,2),(12,'tomato',2,1,2,2),(13,'tomato',2,1,2,2),(14,'tomato',2,1,2,2),(15,'tomato',2,1,2,2),(16,'tomato',2,1,2,2),(17,'tomato',2,1,2,2),(18,'pinecone',1,0,1,2);
/*!40000 ALTER TABLE `bag_item` ENABLE KEYS */;
UNLOCK TABLES;

--
-- Table structure for table `config`
--

DROP TABLE IF EXISTS `config`;
/*!40101 SET @saved_cs_client     = @@character_set_client */;
 SET character_set_client = utf8mb4 ;
CREATE TABLE `config` (
  `id` int(11) NOT NULL AUTO_INCREMENT,
  `prop` varchar(45) DEFAULT NULL,
  `value` varchar(45) DEFAULT NULL,
  `desc` varchar(45) DEFAULT NULL,
  PRIMARY KEY (`id`)
) ENGINE=InnoDB AUTO_INCREMENT=13 DEFAULT CHARSET=utf8;
/*!40101 SET character_set_client = @saved_cs_client */;

--
-- Dumping data for table `config`
--

LOCK TABLES `config` WRITE;
/*!40000 ALTER TABLE `config` DISABLE KEYS */;
INSERT INTO `config` VALUES (1,'maxLandNumber','4000','Â§ßÈôÜÂàóË°®Â§ßÂ∞è'),(3,'landMoveInterval','10','Â§ßÈôÜ‰πãÈó¥ÁßªÂä®Êó∂Èó¥Èó¥Èöî,Âçï‰ΩçÁßí'),(4,'moveSatietyCost','0.3','Â§ßÈôÜ‰πãÈó¥ÁßªÂä®Ê∂àËÄóÁöÑÈ•±È£üÂ∫¶ÁôæÂàÜÊØî'),(5,'moveVigourCost','30','Â§ßÈôÜ‰πãÈó¥ÁßªÂä®Ê∂àËÄóÁ≤æÂäõ'),(6,'sleepVigourRecoverInterval','300','Áù°Áú†Êó∂Á≤æÂäõÊÅ¢Â§çÁöÑÊúÄÂ∞èÊó∂Èó¥Âçï‰Ωç,Âçï‰ΩçÁßí'),(7,'sleepVigourRecover','1','Áù°Áú†Êó∂ÊØèÊó∂Èó¥Âçï‰ΩçÊÅ¢Â§çÁ≤æÂäõ'),(8,'sleepSatietyCost','0.001','Áù°Áú†Êó∂ÊØèÊó∂Èó¥Âçï‰ΩçÈ•±È£üÂ∫¶Ê∂àËÄóÁôæÂàÜÊØî'),(9,'exploreInterval','300','ÊúÄÂ∞èÊé¢Á¥¢Êó∂Èó¥,Âçï‰ΩçÁßí'),(10,'plantYieldDescPerCost','10','Ê§çÁâ©Ê∂àËÄóÂ§öÂ∞ëÂêé‰∫ßÂá∫ÁéáÈÄíÂáè1'),(11,'plantYieldRecoverCycle','2592000','Ê§çÁâ©‰∫ßÂá∫ÁéáÊÅ¢Â§çÂë®Êúü,Âçï‰ΩçÁßí'),(12,'plantYieldLeast','5','Ê§çÁâ©ÊúÄÂ∞ë‰∫ßÂá∫Áéá');
/*!40000 ALTER TABLE `config` ENABLE KEYS */;
UNLOCK TABLES;

--
-- Table structure for table `land`
--

DROP TABLE IF EXISTS `land`;
/*!40101 SET @saved_cs_client     = @@character_set_client */;
 SET character_set_client = utf8mb4 ;
CREATE TABLE `land` (
  `id` int(11) NOT NULL,
  `name` varchar(45) DEFAULT NULL,
  `plantRate` int(11) DEFAULT NULL,
  PRIMARY KEY (`id`)
) ENGINE=InnoDB DEFAULT CHARSET=utf8;
/*!40101 SET character_set_client = @saved_cs_client */;

--
-- Dumping data for table `land`
--

LOCK TABLES `land` WRITE;
/*!40000 ALTER TABLE `land` DISABLE KEYS */;
INSERT INTO `land` VALUES (0,'Êñ∞Áîü‰πãÂú∞',10),(1,'Ëê§ÁÅ´Ê£ÆÊûó',10),(2,'ÂàÄÈîãÂ±±',10),(5,'Êö¥È£éÊ≤ôÊº†',0),(6,'ÈªÑÈáëËçâÂéü',40),(7,'È≠îÊ≥ïÊ£ÆÊûó',30),(11,'Âì≠Ê≥£Êµ∑Â≤∏',10),(13,'Èì∂ÊùæÊ£ÆÊûó',10),(14,'ÂçÅÂ≠óË∑ØÂè£',10),(19,'Ë¥´Áò†‰πãÂú∞',10),(21,'ÁÅ∞Ë∞∑',10),(22,'ÂçÉÈíàÁü≥Êûó',10),(23,'ÁòüÁñ´‰πãÂú∞',10),(46,'Â∞òÊ≥•Ê≤ºÊ≥Ω',10);
/*!40000 ALTER TABLE `land` ENABLE KEYS */;
UNLOCK TABLES;

--
-- Table structure for table `plant`
--

DROP TABLE IF EXISTS `plant`;
/*!40101 SET @saved_cs_client     = @@character_set_client */;
 SET character_set_client = utf8mb4 ;
CREATE TABLE `plant` (
  `id` int(11) NOT NULL AUTO_INCREMENT,
  `name` varchar(45) DEFAULT NULL,
  `satietyAdd` int(11) DEFAULT NULL,
  `vigourAdd` int(11) DEFAULT NULL,
  `weight` int(11) DEFAULT NULL,
  PRIMARY KEY (`id`)
) ENGINE=InnoDB AUTO_INCREMENT=6 DEFAULT CHARSET=utf8;
/*!40101 SET character_set_client = @saved_cs_client */;

--
-- Dumping data for table `plant`
--

LOCK TABLES `plant` WRITE;
/*!40000 ALTER TABLE `plant` DISABLE KEYS */;
INSERT INTO `plant` VALUES (1,'corn',2,2,3),(2,'tomato',2,1,2),(3,'pinecone',1,0,1),(4,'watermelon',3,1,5),(5,'banana',2,1,3);
/*!40000 ALTER TABLE `plant` ENABLE KEYS */;
UNLOCK TABLES;

--
-- Table structure for table `user`
--

DROP TABLE IF EXISTS `user`;
/*!40101 SET @saved_cs_client     = @@character_set_client */;
 SET character_set_client = utf8mb4 ;
CREATE TABLE `user` (
  `id` int(11) NOT NULL AUTO_INCREMENT,
  `name` varchar(45) DEFAULT NULL,
  `password` varchar(64) DEFAULT NULL,
  `salt` varchar(64) DEFAULT NULL,
  PRIMARY KEY (`id`)
) ENGINE=InnoDB AUTO_INCREMENT=13 DEFAULT CHARSET=utf8;
/*!40101 SET character_set_client = @saved_cs_client */;

--
-- Dumping data for table `user`
--

LOCK TABLES `user` WRITE;
/*!40000 ALTER TABLE `user` DISABLE KEYS */;
INSERT INTO `user` VALUES (1,'test','2f01b8630cbd2bf759449add35edf9524a7ad3058a4cac10a3659f8b29fd3952','80a43221fd9bd1beeb1e5094fd86173b60823c3e27adcad1b1e06144a6e683ee'),(12,'ÂìàÂï∞','273fe37b044d131a277250110931211c3bbb9eff1902a80161c9fb21755612ff','25b1e8bdf9f7363dc15b84ce9f1fe1f071800845129c8a8a065b37e123ada4ba');
/*!40000 ALTER TABLE `user` ENABLE KEYS */;
UNLOCK TABLES;
/*!40103 SET TIME_ZONE=@OLD_TIME_ZONE */;

/*!40101 SET SQL_MODE=@OLD_SQL_MODE */;
/*!40014 SET FOREIGN_KEY_CHECKS=@OLD_FOREIGN_KEY_CHECKS */;
/*!40014 SET UNIQUE_CHECKS=@OLD_UNIQUE_CHECKS */;
/*!40101 SET CHARACTER_SET_CLIENT=@OLD_CHARACTER_SET_CLIENT */;
/*!40101 SET CHARACTER_SET_RESULTS=@OLD_CHARACTER_SET_RESULTS */;
/*!40101 SET COLLATION_CONNECTION=@OLD_COLLATION_CONNECTION */;
/*!40111 SET SQL_NOTES=@OLD_SQL_NOTES */;

-- Dump completed on 2018-11-13 16:12:27
