-- MySQL dump 10.13  Distrib 8.0.12, for Win64 (x86_64)
--
-- Host: 192.168.108.129    Database: animalkindom
-- ------------------------------------------------------
-- Server version	8.0.12

/*!40101 SET @OLD_CHARACTER_SET_CLIENT=@@CHARACTER_SET_CLIENT */;
/*!40101 SET @OLD_CHARACTER_SET_RESULTS=@@CHARACTER_SET_RESULTS */;
/*!40101 SET @OLD_COLLATION_CONNECTION=@@COLLATION_CONNECTION */;
 SET NAMES utf8 ;
/*!40103 SET @OLD_TIME_ZONE=@@TIME_ZONE */;
/*!40103 SET TIME_ZONE='+00:00' */;
/*!40014 SET @OLD_UNIQUE_CHECKS=@@UNIQUE_CHECKS, UNIQUE_CHECKS=0 */;
/*!40014 SET @OLD_FOREIGN_KEY_CHECKS=@@FOREIGN_KEY_CHECKS, FOREIGN_KEY_CHECKS=0 */;
/*!40101 SET @OLD_SQL_MODE=@@SQL_MODE, SQL_MODE='NO_AUTO_VALUE_ON_ZERO' */;
/*!40111 SET @OLD_SQL_NOTES=@@SQL_NOTES, SQL_NOTES=0 */;

--
-- Table structure for table `animal`
--

DROP TABLE IF EXISTS `animal`;
/*!40101 SET @saved_cs_client     = @@character_set_client */;
 SET character_set_client = utf8mb4 ;
CREATE TABLE `animal` (
  `id` int(11) NOT NULL AUTO_INCREMENT,
  `accountId` int(11) DEFAULT NULL,
  `typeId` int(11) DEFAULT NULL,
  `name` varchar(20) DEFAULT NULL,
  `health` int(11) DEFAULT NULL,
  `baseHealth` int(11) DEFAULT NULL,
  `satiety` int(11) DEFAULT NULL,
  `baseSatiety` int(11) DEFAULT NULL,
  `vigour` int(11) DEFAULT NULL,
  `strength` int(11) DEFAULT NULL,
  `intelligence` int(11) DEFAULT NULL,
  `agile` int(11) DEFAULT NULL,
  `speed` int(11) DEFAULT NULL,
  `landDiscovered` varbinary(1000) DEFAULT NULL,
  `currentLand` int(11) DEFAULT NULL,
  `sleepTime` bigint(13) DEFAULT NULL,
  `exploreTime` bigint(13) DEFAULT NULL,
  `moveTime` bigint(13) DEFAULT NULL,
  `growDay` int(11) DEFAULT NULL,
  `growLevel` int(11) DEFAULT NULL,
  `metempsychosisTime` bigint(13) DEFAULT NULL,
  `souls` int(11) DEFAULT NULL,
  `point` int(11) DEFAULT NULL,
  PRIMARY KEY (`id`)
) ENGINE=InnoDB AUTO_INCREMENT=3 DEFAULT CHARSET=utf8;
/*!40101 SET character_set_client = @saved_cs_client */;

--
-- Dumping data for table `animal`
--

LOCK TABLES `animal` WRITE;
/*!40000 ALTER TABLE `animal` DISABLE KEYS */;
INSERT INTO `animal` VALUES (1,1,15,'goat',90,90,40,40,100,20,20,30,40,_binary '\0\0\0\0\0\0\0\0\0\0\0\0\0\0\0\0\0\0\0\0\0\0\0\0\0\0\0\0\0\0\0\0\0\0\0\0\0\0\0\0\0\0\0\0\0\0\0\0\0\0\0\0\0\0\0\0\0\0\0\0\0\0\0\0\0\0\0\0\0\0\0\0\0\0\0\0\0\0\0\0\0\0\0\0\0\0\0\0\0\0\0\0\0\0\0\0\0\0\0\0\0\0\0\0\0\0\0\0\0\0\0\0\0\0\0\0\0\0\0\0\0\0\0\0\0\0\0\0\0\0\0\0\0\0\0\0\0\0\0\0\0\0\0\0\0\0\0\0\0\0\0\0\0\0\0\0\0\0\0\0\0\0\0\0\0\0\0\0\0\0\0\0\0\0\0\0\0\0\0\0\0\0\0\0\0\0\0\0\0\0\0\0\0\0\0\0\0\0\0\0\0\0\0\0\0\0\0\0\0\0\0\0\0\0\0\0\0\0\0\0\0\0\0\0\0\0\0\0\0\0\0\0\0\0\0\0\0\0\0\0\0\0\0\0\0\0\0\0\0\0\0\0\0\0\0\0\0\0\0\0\0\0\0\0\0\0\0\0\0\0\0\0\0\0\0\0\0\0\0\0\0\0\0\0\0\0\0\0\0\0\0\0\0\0\0\0\0\0\0\0\0\0\0\0\0\0\0\0\0\0\0\0\0\0\0\0\0\0\0\0\0\0\0\0\0\0\0\0\0\0\0\0\0\0\0\0\0\0\0\0\0\0\0\0\0\0\0\0\0\0\0\0\0\0\0\0\0\0\0\0\0\0\0\0\0\0\0\0\0\0\0\0\0\0\0\0\0\0\0\0\0\0\0\0\0\0\0\0\0\0\0\0\0\0\0\0\0\0\0\0\0\0\0\0\0\0\0\0\0\0\0\0\0\0\0\0\0\0\0\0\0\0\0\0\0\0\0\0\0\0\0\0\0\0\0\0\0\0\0\0\0\0\0\0\0\0\0\0\0\0\0\0\0\0\0\0\0\0\0\0\0\0\0\0\0\0\0\0\0\0\0\0\0\0\0\0\0\0\0\0\0\0\0\0\0\0\0\0\0\0\0\0\0\0\0\0\0\0\0\0',0,NULL,NULL,NULL,8,1,1542351112530,0,5),(2,12,2,'tiger',500,500,250,250,100,100,50,80,70,_binary '\'\0\0\0\0\0\0\0\0\0\0\0\0\0\0\0\0\0\0\0\0\0\0\0\0\0\0\0\0\0\0\0\0\0\0\0\0\0\0\0\0\0\0\0\0\0\0\0\0\0\0\0\0\0\0\0\0\0\0\0\0\0\0\0\0\0\0\0\0\0\0\0\0\0\0\0\0\0\0\0\0\0\0\0\0\0\0\0\0\0\0\0\0\0\0\0\0\0\0\0\0\0\0\0\0\0\0\0\0\0\0\0\0\0\0\0\0\0\0\0\0\0\0\0\0\0\0\0\0\0\0\0\0\0\0\0\0\0\0\0\0\0\0\0\0\0\0\0\0\0\0\0\0\0\0\0\0\0\0\0\0\0\0\0\0\0\0\0\0\0\0\0\0\0\0\0\0\0\0\0\0\0\0\0\0\0\0\0\0\0\0\0\0\0\0\0\0\0\0\0\0\0\0\0\0\0\0\0\0\0\0\0\0\0\0\0\0\0\0\0\0\0\0\0\0\0\0\0\0\0\0\0\0\0\0\0\0\0\0\0\0\0\0\0\0\0\0\0\0\0\0\0\0\0\0\0\0\0\0\0\0\0\0\0\0\0\0\0\0\0\0\0\0\0\0\0\0\0\0\0\0\0\0\0\0\0\0\0\0\0\0\0\0\0\0\0\0\0\0\0\0\0\0\0\0\0\0\0\0\0\0\0\0\0\0\0\0\0\0\0\0\0\0\0\0\0\0\0\0\0\0\0\0\0\0\0\0\0\0\0\0\0\0\0\0\0\0\0\0\0\0\0\0\0\0\0\0\0\0\0\0\0\0\0\0\0\0\0\0\0\0\0\0\0\0\0\0\0\0\0\0\0\0\0\0\0\0\0\0\0\0\0\0\0\0\0\0\0\0\0\0\0\0\0\0\0\0\0\0\0\0\0\0\0\0\0\0\0\0\0\0\0\0\0\0\0\0\0\0\0\0\0\0\0\0\0\0\0\0\0\0\0\0\0\0\0\0\0\0\0\0\0\0\0\0\0\0\0\0\0\0\0\0\0\0\0\0\0\0\0\0\0\0\0\0\0\0\0\0\0\0\0\0\0\0\0\0\0\0\0\0\0\0\0\0\0\0\0\0\0\0',0,NULL,NULL,NULL,40,0,1521334268352,0,0);
/*!40000 ALTER TABLE `animal` ENABLE KEYS */;
UNLOCK TABLES;

--
-- Table structure for table `animal_data`
--

DROP TABLE IF EXISTS `animal_data`;
/*!40101 SET @saved_cs_client     = @@character_set_client */;
 SET character_set_client = utf8mb4 ;
CREATE TABLE `animal_data` (
  `id` int(11) NOT NULL AUTO_INCREMENT,
  `name` varchar(45) DEFAULT NULL,
  `baseHealth` int(11) DEFAULT NULL,
  `baseSatiety` int(11) DEFAULT NULL,
  `baseStrength` int(11) DEFAULT NULL,
  `baseIntelligence` int(11) DEFAULT NULL,
  `baseAgile` int(11) DEFAULT NULL,
  `baseSpeed` int(11) DEFAULT NULL,
  `growDay` int(11) DEFAULT NULL COMMENT '成长天数  到达天数后可以选择转生或进阶',
  `growLevel` int(11) DEFAULT NULL COMMENT '进阶等级',
  `level` int(11) DEFAULT NULL COMMENT '动物级别     级别越高(1级最高)    转生成功率越低',
  PRIMARY KEY (`id`)
) ENGINE=InnoDB AUTO_INCREMENT=26 DEFAULT CHARSET=utf8;
/*!40101 SET character_set_client = @saved_cs_client */;

--
-- Dumping data for table `animal_data`
--

LOCK TABLES `animal_data` WRITE;
/*!40000 ALTER TABLE `animal_data` DISABLE KEYS */;
INSERT INTO `animal_data` VALUES (1,'lion',450,220,80,30,50,50,30,0,1),(2,'tiger',500,250,100,30,60,70,30,0,1),(3,'giraffe',400,100,40,20,20,30,10,0,5),(4,'deer',300,80,30,20,40,40,10,0,5),(5,'leopard',400,180,70,25,70,100,25,0,2),(6,'monkey ',200,60,20,40,50,50,10,0,4),(7,'elephant',700,200,80,20,20,30,10,0,4),(8,'chimpanzees',300,70,30,60,50,50,12,0,4),(9,'zebra',300,100,50,20,50,60,10,0,5),(10,'bear',600,270,120,15,40,50,30,0,1),(12,'kangaroo',400,110,60,20,50,60,20,0,3),(13,'bison',500,100,80,20,40,50,15,0,2),(14,'hedgehog',100,50,30,20,20,20,8,0,6),(15,'goat',90,40,20,20,30,40,8,0,6),(16,'rhinoceros',500,150,90,20,20,30,12,0,3),(17,'mantis',50,20,10,15,40,20,5,0,7),(18,'grasshopper',40,15,7,15,30,20,5,0,7),(21,'ant',20,5,5,15,20,15,3,0,8);
/*!40000 ALTER TABLE `animal_data` ENABLE KEYS */;
UNLOCK TABLES;

--
-- Table structure for table `bag_item`
--

DROP TABLE IF EXISTS `bag_item`;
/*!40101 SET @saved_cs_client     = @@character_set_client */;
 SET character_set_client = utf8mb4 ;
CREATE TABLE `bag_item` (
  `id` int(11) NOT NULL AUTO_INCREMENT,
  `name` varchar(45) DEFAULT NULL,
  `satietyAdd` int(11) DEFAULT NULL,
  `vigourAdd` int(11) DEFAULT NULL,
  `weight` int(11) DEFAULT NULL,
  `animalId` int(11) DEFAULT NULL,
  PRIMARY KEY (`id`)
) ENGINE=InnoDB AUTO_INCREMENT=32 DEFAULT CHARSET=utf8;
/*!40101 SET character_set_client = @saved_cs_client */;

--
-- Dumping data for table `bag_item`
--

LOCK TABLES `bag_item` WRITE;
/*!40000 ALTER TABLE `bag_item` DISABLE KEYS */;
INSERT INTO `bag_item` VALUES (9,'tomato',2,1,2,2),(10,'watermelon',3,1,5,2),(11,'watermelon',3,1,5,2),(12,'tomato',2,1,2,2),(13,'tomato',2,1,2,2),(14,'tomato',2,1,2,2),(15,'tomato',2,1,2,2),(16,'tomato',2,1,2,2),(17,'tomato',2,1,2,2),(18,'pinecone',1,0,1,2),(24,'banana',2,1,3,1),(25,'pinecone',1,0,1,1),(28,'watermelon',3,1,5,1),(29,'pinecone',1,0,1,1),(30,'banana',2,1,3,1),(31,'watermelon',3,1,5,1);
/*!40000 ALTER TABLE `bag_item` ENABLE KEYS */;
UNLOCK TABLES;

--
-- Table structure for table `config`
--

DROP TABLE IF EXISTS `config`;
/*!40101 SET @saved_cs_client     = @@character_set_client */;
 SET character_set_client = utf8mb4 ;
CREATE TABLE `config` (
  `id` int(11) NOT NULL AUTO_INCREMENT,
  `prop` varchar(45) DEFAULT NULL,
  `value` varchar(45) DEFAULT NULL,
  `desc` varchar(45) DEFAULT NULL,
  PRIMARY KEY (`id`)
) ENGINE=InnoDB AUTO_INCREMENT=18 DEFAULT CHARSET=utf8;
/*!40101 SET character_set_client = @saved_cs_client */;

--
-- Dumping data for table `config`
--

LOCK TABLES `config` WRITE;
/*!40000 ALTER TABLE `config` DISABLE KEYS */;
INSERT INTO `config` VALUES (1,'maxLandNumber','4000','大陆列表大小'),(3,'landMoveInterval','10','大陆之间移动时间间隔,单位秒'),(4,'moveSatietyCost','0.3','大陆之间移动消耗的饱食度百分比'),(5,'moveVigourCost','30','大陆之间移动消耗精力'),(6,'sleepVigourRecoverInterval','300','睡眠时精力恢复的最小时间单位,单位秒'),(7,'sleepVigourRecover','1','睡眠时每时间单位恢复精力'),(8,'sleepSatietyCost','0.001','睡眠时每时间单位饱食度消耗百分比'),(9,'exploreInterval','0.02','最小探索时间,单位秒  默认300'),(10,'plantYieldDescPerCost','10','植物消耗多少后产出率递减1'),(11,'plantYieldRecoverCycle','2592000','植物产出率恢复周期,单位秒'),(13,'metempsychosisRate','1,3,7,13,21,33,60,100','按等级划分的转生概率'),(14,'animalFindBaseRate','200','发现其他玩家的基础概率 默认50'),(15,'metempsychosisRateBuffPerSouls','100','每多少魂值可以降低1点转生随机数,越小的随机数,可以转生为越高级的生物'),(16,'pointGetPerSouls','100','每多少魂值可以转换为1属性点'),(17,'levelBuff','0.05','每升一级属性增幅');
/*!40000 ALTER TABLE `config` ENABLE KEYS */;
UNLOCK TABLES;

--
-- Table structure for table `land`
--

DROP TABLE IF EXISTS `land`;
/*!40101 SET @saved_cs_client     = @@character_set_client */;
 SET character_set_client = utf8mb4 ;
CREATE TABLE `land` (
  `id` int(11) NOT NULL,
  `name` varchar(45) DEFAULT NULL,
  `plantRate` int(11) DEFAULT NULL,
  PRIMARY KEY (`id`)
) ENGINE=InnoDB DEFAULT CHARSET=utf8;
/*!40101 SET character_set_client = @saved_cs_client */;

--
-- Dumping data for table `land`
--

LOCK TABLES `land` WRITE;
/*!40000 ALTER TABLE `land` DISABLE KEYS */;
INSERT INTO `land` VALUES (0,'新生之地',10),(1,'萤火森林',10),(2,'刀锋山',10),(5,'暴风沙漠',0),(6,'黄金草原',40),(7,'魔法森林',30),(11,'哭泣海岸',10),(13,'银松森林',10),(14,'十字路口',10),(19,'贫瘠之地',10),(21,'灰谷',10),(22,'千针石林',10),(23,'瘟疫之地',10),(46,'尘泥沼泽',10);
/*!40000 ALTER TABLE `land` ENABLE KEYS */;
UNLOCK TABLES;

--
-- Table structure for table `plant`
--

DROP TABLE IF EXISTS `plant`;
/*!40101 SET @saved_cs_client     = @@character_set_client */;
 SET character_set_client = utf8mb4 ;
CREATE TABLE `plant` (
  `id` int(11) NOT NULL AUTO_INCREMENT,
  `name` varchar(45) DEFAULT NULL,
  `satietyAdd` int(11) DEFAULT NULL,
  `vigourAdd` int(11) DEFAULT NULL,
  `weight` int(11) DEFAULT NULL,
  PRIMARY KEY (`id`)
) ENGINE=InnoDB AUTO_INCREMENT=6 DEFAULT CHARSET=utf8;
/*!40101 SET character_set_client = @saved_cs_client */;

--
-- Dumping data for table `plant`
--

LOCK TABLES `plant` WRITE;
/*!40000 ALTER TABLE `plant` DISABLE KEYS */;
INSERT INTO `plant` VALUES (1,'corn',2,2,3),(2,'tomato',2,1,2),(3,'pinecone',1,0,1),(4,'watermelon',3,1,5),(5,'banana',2,1,3);
/*!40000 ALTER TABLE `plant` ENABLE KEYS */;
UNLOCK TABLES;

--
-- Table structure for table `user`
--

DROP TABLE IF EXISTS `user`;
/*!40101 SET @saved_cs_client     = @@character_set_client */;
 SET character_set_client = utf8mb4 ;
CREATE TABLE `user` (
  `id` int(11) NOT NULL AUTO_INCREMENT,
  `name` varchar(45) DEFAULT NULL,
  `password` varchar(64) DEFAULT NULL,
  `salt` varchar(64) DEFAULT NULL,
  PRIMARY KEY (`id`)
) ENGINE=InnoDB AUTO_INCREMENT=13 DEFAULT CHARSET=utf8;
/*!40101 SET character_set_client = @saved_cs_client */;

--
-- Dumping data for table `user`
--

LOCK TABLES `user` WRITE;
/*!40000 ALTER TABLE `user` DISABLE KEYS */;
INSERT INTO `user` VALUES (1,'test','2f01b8630cbd2bf759449add35edf9524a7ad3058a4cac10a3659f8b29fd3952','80a43221fd9bd1beeb1e5094fd86173b60823c3e27adcad1b1e06144a6e683ee'),(12,'哈啰','273fe37b044d131a277250110931211c3bbb9eff1902a80161c9fb21755612ff','25b1e8bdf9f7363dc15b84ce9f1fe1f071800845129c8a8a065b37e123ada4ba');
/*!40000 ALTER TABLE `user` ENABLE KEYS */;
UNLOCK TABLES;
/*!40103 SET TIME_ZONE=@OLD_TIME_ZONE */;

/*!40101 SET SQL_MODE=@OLD_SQL_MODE */;
/*!40014 SET FOREIGN_KEY_CHECKS=@OLD_FOREIGN_KEY_CHECKS */;
/*!40014 SET UNIQUE_CHECKS=@OLD_UNIQUE_CHECKS */;
/*!40101 SET CHARACTER_SET_CLIENT=@OLD_CHARACTER_SET_CLIENT */;
/*!40101 SET CHARACTER_SET_RESULTS=@OLD_CHARACTER_SET_RESULTS */;
/*!40101 SET COLLATION_CONNECTION=@OLD_COLLATION_CONNECTION */;
/*!40111 SET SQL_NOTES=@OLD_SQL_NOTES */;

-- Dump completed on 2018-11-16 16:43:39
